{"_wandb":{"runtime":180},"batch_loss":4.151376724243164,"learning_rate":4.9477735019241346e-08,"_timestamp":1.74603019430109e+09,"_runtime":146.560624,"_step":8}